<?xml version="1.0" encoding="UTF-8"?>
<GenRun Id="impl_1" LaunchPart="xc7a35ticsg324-1L" LaunchTime="1637595373">
  <File Type="BITSTR-BMM" Name="MCU_PRJ_2021_TopLevel_bd.bmm"/>
  <File Type="OPT-METHODOLOGY-DRC" Name="MCU_PRJ_2021_TopLevel_methodology_drc_opted.rpt"/>
  <File Type="INIT-TIMING" Name="MCU_PRJ_2021_TopLevel_timing_summary_init.rpt"/>
  <File Type="ROUTE-PWR" Name="MCU_PRJ_2021_TopLevel_power_routed.rpt"/>
  <File Type="PA-TCL" Name="MCU_PRJ_2021_TopLevel.tcl"/>
  <File Type="OPT-TIMING" Name="MCU_PRJ_2021_TopLevel_timing_summary_opted.rpt"/>
  <File Type="OPT-DCP" Name="MCU_PRJ_2021_TopLevel_opt.dcp"/>
  <File Type="ROUTE-PWR-SUM" Name="MCU_PRJ_2021_TopLevel_power_summary_routed.pb"/>
  <File Type="REPORTS-TCL" Name="MCU_PRJ_2021_TopLevel_reports.tcl"/>
  <File Type="OPT-DRC" Name="MCU_PRJ_2021_TopLevel_drc_opted.rpt"/>
  <File Type="OPT-HWDEF" Name="MCU_PRJ_2021_TopLevel.hwdef"/>
  <File Type="PWROPT-DCP" Name="MCU_PRJ_2021_TopLevel_pwropt.dcp"/>
  <File Type="PWROPT-DRC" Name="MCU_PRJ_2021_TopLevel_drc_pwropted.rpt"/>
  <File Type="PWROPT-TIMING" Name="MCU_PRJ_2021_TopLevel_timing_summary_pwropted.rpt"/>
  <File Type="PLACE-DCP" Name="MCU_PRJ_2021_TopLevel_placed.dcp"/>
  <File Type="PLACE-IO" Name="MCU_PRJ_2021_TopLevel_io_placed.rpt"/>
  <File Type="PLACE-CLK" Name="MCU_PRJ_2021_TopLevel_clock_utilization_placed.rpt"/>
  <File Type="PLACE-UTIL" Name="MCU_PRJ_2021_TopLevel_utilization_placed.rpt"/>
  <File Type="PLACE-UTIL-PB" Name="MCU_PRJ_2021_TopLevel_utilization_placed.pb"/>
  <File Type="PLACE-CTRL" Name="MCU_PRJ_2021_TopLevel_control_sets_placed.rpt"/>
  <File Type="PLACE-SIMILARITY" Name="MCU_PRJ_2021_TopLevel_incremental_reuse_placed.rpt"/>
  <File Type="PLACE-PRE-SIMILARITY" Name="MCU_PRJ_2021_TopLevel_incremental_reuse_pre_placed.rpt"/>
  <File Type="BG-BGN" Name="MCU_PRJ_2021_TopLevel.bgn"/>
  <File Type="PLACE-TIMING" Name="MCU_PRJ_2021_TopLevel_timing_summary_placed.rpt"/>
  <File Type="POSTPLACE-PWROPT-DCP" Name="MCU_PRJ_2021_TopLevel_postplace_pwropt.dcp"/>
  <File Type="BG-BIN" Name="MCU_PRJ_2021_TopLevel.bin"/>
  <File Type="POSTPLACE-PWROPT-TIMING" Name="MCU_PRJ_2021_TopLevel_timing_summary_postplace_pwropted.rpt"/>
  <File Type="PHYSOPT-DCP" Name="MCU_PRJ_2021_TopLevel_physopt.dcp"/>
  <File Type="PHYSOPT-DRC" Name="MCU_PRJ_2021_TopLevel_drc_physopted.rpt"/>
  <File Type="BITSTR-MSK" Name="MCU_PRJ_2021_TopLevel.msk"/>
  <File Type="PHYSOPT-TIMING" Name="MCU_PRJ_2021_TopLevel_timing_summary_physopted.rpt"/>
  <File Type="ROUTE-ERROR-DCP" Name="MCU_PRJ_2021_TopLevel_routed_error.dcp"/>
  <File Type="ROUTE-DCP" Name="MCU_PRJ_2021_TopLevel_routed.dcp"/>
  <File Type="ROUTE-BLACKBOX-DCP" Name="MCU_PRJ_2021_TopLevel_routed_bb.dcp"/>
  <File Type="ROUTE-DRC" Name="MCU_PRJ_2021_TopLevel_drc_routed.rpt"/>
  <File Type="ROUTE-DRC-PB" Name="MCU_PRJ_2021_TopLevel_drc_routed.pb"/>
  <File Type="BITSTR-LTX" Name="debug_nets.ltx"/>
  <File Type="BITSTR-LTX" Name="MCU_PRJ_2021_TopLevel.ltx"/>
  <File Type="ROUTE-DRC-RPX" Name="MCU_PRJ_2021_TopLevel_drc_routed.rpx"/>
  <File Type="BITSTR-MMI" Name="MCU_PRJ_2021_TopLevel.mmi"/>
  <File Type="ROUTE-METHODOLOGY-DRC" Name="MCU_PRJ_2021_TopLevel_methodology_drc_routed.rpt"/>
  <File Type="ROUTE-METHODOLOGY-DRC-RPX" Name="MCU_PRJ_2021_TopLevel_methodology_drc_routed.rpx"/>
  <File Type="BITSTR-SYSDEF" Name="MCU_PRJ_2021_TopLevel.sysdef"/>
  <File Type="ROUTE-METHODOLOGY-DRC-PB" Name="MCU_PRJ_2021_TopLevel_methodology_drc_routed.pb"/>
  <File Type="ROUTE-PWR-RPX" Name="MCU_PRJ_2021_TopLevel_power_routed.rpx"/>
  <File Type="ROUTE-STATUS" Name="MCU_PRJ_2021_TopLevel_route_status.rpt"/>
  <File Type="ROUTE-STATUS-PB" Name="MCU_PRJ_2021_TopLevel_route_status.pb"/>
  <File Type="ROUTE-TIMINGSUMMARY" Name="MCU_PRJ_2021_TopLevel_timing_summary_routed.rpt"/>
  <File Type="ROUTE-TIMING-PB" Name="MCU_PRJ_2021_TopLevel_timing_summary_routed.pb"/>
  <File Type="ROUTE-TIMING-RPX" Name="MCU_PRJ_2021_TopLevel_timing_summary_routed.rpx"/>
  <File Type="ROUTE-SIMILARITY" Name="MCU_PRJ_2021_TopLevel_incremental_reuse_routed.rpt"/>
  <File Type="ROUTE-CLK" Name="MCU_PRJ_2021_TopLevel_clock_utilization_routed.rpt"/>
  <File Type="ROUTE-BUS-SKEW" Name="MCU_PRJ_2021_TopLevel_bus_skew_routed.rpt"/>
  <File Type="ROUTE-BUS-SKEW-PB" Name="MCU_PRJ_2021_TopLevel_bus_skew_routed.pb"/>
  <File Type="ROUTE-BUS-SKEW-RPX" Name="MCU_PRJ_2021_TopLevel_bus_skew_routed.rpx"/>
  <File Type="POSTROUTE-PHYSOPT-DCP" Name="MCU_PRJ_2021_TopLevel_postroute_physopt.dcp"/>
  <File Type="POSTROUTE-PHYSOPT-BLACKBOX-DCP" Name="MCU_PRJ_2021_TopLevel_postroute_physopt_bb.dcp"/>
  <File Type="POSTROUTE-PHYSOPT-TIMING" Name="MCU_PRJ_2021_TopLevel_timing_summary_postroute_physopted.rpt"/>
  <File Type="POSTROUTE-PHYSOPT-TIMING-PB" Name="MCU_PRJ_2021_TopLevel_timing_summary_postroute_physopted.pb"/>
  <File Type="POSTROUTE-PHYSOPT-TIMING-RPX" Name="MCU_PRJ_2021_TopLevel_timing_summary_postroute_physopted.rpx"/>
  <File Type="POSTROUTE-PHYSOPT-BUS-SKEW" Name="MCU_PRJ_2021_TopLevel_bus_skew_postroute_physopted.rpt"/>
  <File Type="POSTROUTE-PHYSOPT-BUS-SKEW-PB" Name="MCU_PRJ_2021_TopLevel_bus_skew_postroute_physopted.pb"/>
  <File Type="BG-BIT" Name="MCU_PRJ_2021_TopLevel.bit"/>
  <File Type="POSTROUTE-PHYSOPT-BUS-SKEW-RPX" Name="MCU_PRJ_2021_TopLevel_bus_skew_postroute_physopted.rpx"/>
  <File Type="BITSTR-RBT" Name="MCU_PRJ_2021_TopLevel.rbt"/>
  <File Type="BITSTR-NKY" Name="MCU_PRJ_2021_TopLevel.nky"/>
  <File Type="BG-DRC" Name="MCU_PRJ_2021_TopLevel.drc"/>
  <File Type="RDI-RDI" Name="MCU_PRJ_2021_TopLevel.vdi"/>
  <File Type="WBT-USG" Name="usage_statistics_webtalk.html"/>
  <FileSet Name="sources" Type="DesignSrcs" RelSrcDir="$PSRCDIR/sources_1">
    <Filter Type="Srcs"/>
    <File Path="$PSRCDIR/sources_1/new/UAL_Core.vhd">
      <FileInfo>
        <Attr Name="UsedIn" Val="synthesis"/>
        <Attr Name="UsedIn" Val="simulation"/>
      </FileInfo>
    </File>
    <File Path="$PSRCDIR/sources_1/new/TopLevel.vhd">
      <FileInfo>
        <Attr Name="UsedIn" Val="synthesis"/>
        <Attr Name="UsedIn" Val="simulation"/>
      </FileInfo>
    </File>
    <Config>
      <Option Name="DesignMode" Val="RTL"/>
      <Option Name="TopModule" Val="MCU_PRJ_2021_TopLevel"/>
      <Option Name="TopAutoSet" Val="TRUE"/>
    </Config>
  </FileSet>
  <FileSet Name="constrs_in" Type="Constrs" RelSrcDir="$PSRCDIR/constrs_1">
    <Filter Type="Constrs"/>
    <File Path="$PSRCDIR/constrs_1/new/MyConstraints.xdc">
      <FileInfo>
        <Attr Name="UsedIn" Val="synthesis"/>
        <Attr Name="UsedIn" Val="implementation"/>
      </FileInfo>
    </File>
    <Config>
      <Option Name="ConstrsType" Val="XDC"/>
    </Config>
  </FileSet>
  <Strategy Version="1" Minor="2">
    <StratHandle Name="Vivado Implementation Defaults" Flow="Vivado Implementation 2018">
      <Desc>Default settings for Implementation.</Desc>
    </StratHandle>
    <Step Id="init_design"/>
    <Step Id="opt_design"/>
    <Step Id="power_opt_design"/>
    <Step Id="place_design"/>
    <Step Id="post_place_power_opt_design"/>
    <Step Id="phys_opt_design"/>
    <Step Id="route_design"/>
    <Step Id="post_route_phys_opt_design"/>
    <Step Id="write_bitstream"/>
  </Strategy>
</GenRun>
